,Age,Attrition,BusinessTravel,Department,Gender,JobInvolvement,JobLevel,JobRole,JobSatisfaction,MaritalStatus,MonthlyIncome,NumCompaniesWorked,OverTime,PercentSalaryHike,PerformanceRating,Modeofwork,Jobmode
0,37,1,0,0,0,2,1,0,3,0,2090,6,1,15,3,0,0
1,21,0,0,0,0,3,1,1,4,0,1232,1,0,14,3,1,1
2,45,0,0,0,0,3,3,2,1,1,13245,4,1,14,3,1,0
3,23,0,0,1,0,3,1,3,1,2,2322,3,0,13,3,0,2
4,22,0,0,0,1,3,1,0,4,0,2871,1,0,15,3,1,0
5,19,1,0,1,0,3,1,3,3,0,1675,1,1,19,3,1,1
6,19,1,1,1,1,1,1,3,1,0,2325,0,0,21,4,1,0
7,28,1,0,0,0,3,1,0,3,0,3485,2,0,11,3,1,0
8,29,0,0,1,0,2,2,6,2,1,6644,2,0,19,3,0,1
9,18,1,0,0,0,3,1,0,3,0,1420,1,0,13,3,1,2
10,18,0,0,1,1,2,1,3,3,0,1200,1,0,12,3,1,2
11,47,0,1,1,0,3,2,3,3,0,2976,3,0,19,3,1,2
12,48,0,0,1,1,3,3,4,3,1,12504,3,0,21,4,1,1
13,18,1,1,1,0,3,1,3,2,0,1878,1,1,14,3,1,2
14,26,0,0,1,0,3,2,6,3,2,4306,5,0,12,3,1,1
15,38,0,0,0,1,3,1,1,1,0,2619,3,0,17,3,1,2
16,34,0,0,0,1,3,2,5,1,2,5121,3,0,14,3,1,1
17,23,1,0,0,0,4,1,0,1,1,1601,1,1,21,4,0,1
18,30,0,0,0,1,2,2,5,4,0,6877,5,1,24,4,1,1
19,27,0,2,0,0,3,1,1,4,1,1706,1,0,11,3,0,0
20,48,0,0,0,0,3,1,1,3,1,2259,4,0,17,3,1,2
21,29,1,0,0,1,2,1,1,1,0,2404,6,1,20,4,1,2
22,18,0,2,0,0,3,1,1,4,0,1051,1,0,15,3,1,2
23,50,1,1,1,0,3,2,6,3,0,4728,3,1,14,3,0,1
24,34,0,2,0,0,2,1,1,4,1,2979,3,0,17,3,1,0
25,18,1,2,0,0,3,1,0,3,0,1904,1,0,12,3,0,2
26,22,1,1,0,0,2,1,1,4,1,2853,0,1,11,3,1,2
27,44,0,2,0,0,1,1,1,3,0,2290,2,0,13,3,1,0
28,40,0,1,1,0,3,2,6,2,1,4327,5,0,12,3,1,2
29,45,0,1,0,1,3,5,4,2,0,18061,3,0,22,4,0,0
30,18,0,2,0,1,3,1,0,4,0,1611,1,0,15,3,1,1
31,24,1,1,0,0,3,1,0,1,0,3172,2,1,11,3,0,1
32,28,1,1,0,0,2,1,0,1,0,2561,7,0,11,3,1,2
33,33,0,0,0,0,3,2,8,3,0,6388,2,1,17,3,0,2
34,18,1,1,1,1,3,1,3,4,0,1569,1,1,12,3,0,1
35,38,0,0,0,1,3,1,0,3,1,3306,7,0,19,3,0,2
36,32,1,0,1,0,1,2,6,2,0,6735,6,0,15,3,1,2
37,33,1,0,1,1,3,3,6,1,0,8564,2,1,20,4,0,0
38,42,0,0,0,0,4,2,8,1,1,5538,5,0,18,3,1,0
39,18,0,2,0,1,3,1,1,3,0,1514,1,0,16,3,1,0
40,32,0,1,1,0,3,2,6,4,0,4648,8,0,13,3,0,0
41,42,0,0,0,0,3,1,0,3,0,3968,4,0,13,3,0,2
42,56,0,0,1,1,2,2,6,1,1,5380,4,0,16,3,0,0
43,42,0,0,1,0,3,2,6,4,2,5087,3,1,12,3,0,1
44,59,0,0,0,1,4,1,0,1,1,2670,4,1,20,4,0,0
45,30,0,0,0,0,3,1,0,3,2,2693,1,0,22,4,1,1
46,22,0,2,0,0,4,1,0,4,2,2935,1,1,13,3,0,0
47,33,0,0,0,0,3,1,0,4,0,2496,4,0,11,3,0,0
48,39,1,0,1,0,3,2,3,4,1,2086,3,0,14,3,0,0
49,36,0,0,0,1,2,1,1,1,1,3419,9,1,14,3,0,1
50,35,0,0,0,0,3,1,0,4,2,1951,1,0,12,3,1,2
51,27,0,0,0,1,3,1,0,1,2,2341,1,0,13,3,0,1
52,26,1,0,0,0,1,1,0,3,0,2293,1,0,12,3,1,1
53,37,0,0,0,0,3,1,1,2,1,3022,4,0,21,4,1,1
54,35,0,0,0,0,4,1,0,4,1,2269,1,0,19,3,0,2
55,48,1,0,0,0,2,3,0,3,0,5381,9,1,13,3,0,0
56,45,0,0,0,0,3,3,1,1,2,9724,2,0,17,3,0,1
57,36,1,0,0,0,2,1,1,3,1,3388,0,1,17,3,1,2
58,31,0,0,0,0,3,1,1,2,0,2501,1,0,17,3,1,0
59,36,0,0,0,1,4,1,0,4,1,3038,3,0,12,3,0,0
60,55,0,0,1,0,3,3,6,4,1,10239,3,0,14,3,1,2
61,32,0,0,0,0,3,1,1,1,0,2956,1,0,13,3,1,2
62,20,1,1,0,1,2,1,0,4,0,2926,1,1,18,3,1,0
63,37,0,2,0,0,2,2,8,4,2,5163,5,0,14,3,1,0
64,34,0,0,0,1,2,2,1,2,2,4505,6,0,15,3,1,0
65,36,0,0,0,1,3,1,0,4,2,2835,5,0,22,4,0,2
66,19,0,0,0,1,3,1,0,2,0,1483,1,0,14,3,0,2
67,51,0,0,0,0,2,2,5,3,1,6132,2,0,17,3,1,0
68,58,0,0,0,1,2,1,1,2,1,3346,4,1,20,4,1,0
69,27,0,2,0,0,2,1,1,3,2,2566,1,1,15,3,1,0
70,19,1,0,0,0,2,1,0,4,0,1102,1,0,22,4,0,0
71,35,1,0,0,0,2,2,5,3,1,5916,3,1,13,3,1,2
72,38,0,0,0,0,3,2,5,3,1,6553,9,0,14,3,0,2
73,38,1,0,0,0,3,2,8,1,1,6673,7,1,19,3,0,1
74,41,0,0,1,1,3,3,4,4,0,13591,3,1,18,3,1,1
75,59,0,0,0,0,2,1,1,4,1,2177,3,0,17,3,0,0
76,41,0,0,0,0,3,2,1,1,2,3072,2,0,16,3,1,1
77,37,1,1,0,0,3,3,5,3,2,10048,6,0,11,3,1,1
78,51,0,0,0,0,3,1,1,4,1,2723,1,0,11,3,1,1
79,44,1,1,0,0,3,1,0,3,2,3161,3,1,22,4,0,0
80,36,0,1,0,0,4,1,0,4,1,3688,4,0,18,3,0,2
81,39,1,0,1,1,3,2,6,3,1,5238,4,1,18,3,0,2
82,43,0,0,0,1,3,3,8,1,1,9985,8,0,16,3,1,2
83,42,0,0,0,1,3,4,2,4,0,15992,2,0,14,3,1,2
84,42,0,0,0,0,2,2,8,4,0,6781,3,0,23,4,1,0
85,36,0,2,1,1,3,2,6,4,0,6653,4,0,15,3,1,0
86,33,1,0,1,1,3,1,3,3,0,2851,1,1,13,3,0,0
87,46,0,2,0,1,3,2,5,3,1,5258,2,0,14,3,1,0
88,21,1,0,1,1,4,1,3,2,0,2716,1,0,15,3,1,1
89,35,0,0,0,0,2,2,8,2,0,6540,9,0,19,3,0,2
90,30,0,0,1,0,3,1,3,2,1,2476,1,0,18,3,1,2
91,30,1,1,0,0,3,1,1,4,0,2285,9,1,23,4,1,2
92,37,0,0,0,0,3,2,5,2,0,4197,2,1,12,3,0,2
93,40,0,0,0,1,2,2,0,3,1,3448,6,0,22,4,1,0
94,38,0,1,0,0,3,1,0,4,1,1702,1,1,23,4,1,2
95,19,1,0,7,0,2,1,7,4,0,2564,1,0,12,3,1,2
96,57,0,0,1,0,2,4,4,4,2,14118,3,0,12,3,1,0
97,54,0,0,0,1,3,2,0,3,0,3780,7,0,11,3,1,2
98,31,1,1,0,0,3,3,8,3,1,9824,3,0,12,3,1,2
99,40,0,2,1,0,1,3,6,1,2,10932,3,0,15,3,1,2
100,26,1,0,0,0,1,1,0,4,0,2340,1,1,18,3,1,0
101,38,0,0,0,1,3,2,8,3,1,9824,3,0,19,3,1,0
102,24,0,0,0,0,2,1,0,2,1,2127,1,0,21,4,0,2
103,30,1,1,1,0,2,1,3,1,1,2033,1,0,18,3,1,0
104,20,0,0,0,1,2,1,1,2,0,2836,1,0,13,3,1,1
105,43,0,0,0,0,2,4,2,4,2,16627,4,1,14,3,1,0
106,30,0,1,0,1,3,1,1,3,2,2083,1,0,20,4,1,2
107,45,1,1,1,1,3,2,6,1,1,4286,2,0,14,3,0,0
108,20,1,0,0,0,3,1,1,3,0,1009,1,1,11,3,0,2
109,35,0,2,0,0,2,1,0,3,1,1281,1,0,18,3,1,2
110,37,0,0,0,0,4,1,1,4,0,4680,3,0,17,3,1,2
111,38,0,0,0,1,3,3,5,3,0,7861,4,1,14,3,0,0
112,29,0,0,1,0,3,1,3,3,0,2642,1,0,11,3,1,0
113,35,0,2,0,1,3,2,8,1,2,5093,2,0,11,3,1,1
114,38,0,0,0,0,3,1,1,3,1,3057,6,1,13,3,0,2
115,24,0,2,0,0,2,1,0,2,2,2694,1,0,11,3,0,1
116,29,1,0,0,1,2,1,0,1,1,2319,1,1,11,3,0,1
117,40,0,1,0,0,2,2,0,3,0,5094,6,0,14,3,0,1
118,45,0,0,0,1,2,1,1,3,0,2274,1,0,14,3,0,0
119,37,0,0,1,0,2,2,6,3,2,6334,4,0,19,3,0,1
120,32,1,0,0,0,3,1,0,4,0,2795,1,1,24,4,1,1
121,58,1,1,0,0,2,1,0,4,2,2380,9,1,14,3,0,0
122,43,0,0,0,1,3,2,5,2,2,4765,4,0,21,4,0,2
123,21,1,0,0,1,3,1,1,4,0,2693,1,0,19,3,1,1
124,27,0,0,0,1,3,1,1,3,0,2318,1,0,19,3,0,2
125,34,0,0,0,0,3,1,0,2,2,2008,1,0,14,3,1,2
126,25,1,0,1,0,2,1,3,2,1,2413,1,1,18,3,1,2
127,40,0,0,1,0,2,3,6,2,2,9705,2,0,12,3,0,2
128,19,1,0,1,0,2,1,3,2,0,2121,1,1,13,3,0,0
129,20,1,0,0,0,3,1,0,1,0,2973,1,0,19,3,0,0
130,40,0,1,0,0,3,1,1,2,2,3617,8,1,14,3,1,0
131,58,1,0,0,0,3,1,1,3,0,2479,4,0,24,4,1,0
132,40,1,2,1,1,4,4,6,2,0,13194,4,1,16,3,0,2
133,20,1,0,0,1,2,1,1,1,0,2600,1,1,15,3,0,2
134,42,0,0,1,0,3,5,4,3,1,18303,6,0,13,3,1,1
135,50,0,0,0,0,3,1,0,4,1,2380,4,0,18,3,1,2
136,37,1,0,0,1,1,2,8,2,1,4777,5,0,15,3,0,2
137,38,0,0,1,0,3,2,6,4,0,6861,8,1,12,3,1,0
138,36,1,0,0,0,3,2,0,3,2,4834,7,0,14,3,0,2
139,34,0,0,1,1,3,1,3,3,1,2220,1,1,19,3,0,2
140,28,0,0,1,0,3,1,3,2,1,1052,1,0,22,4,1,0
141,43,0,0,1,0,2,3,6,4,2,10798,5,0,13,3,0,1
142,21,1,0,0,1,2,1,0,1,0,1416,1,0,13,3,0,0
143,37,0,0,1,1,2,2,6,4,2,6694,2,1,14,3,1,1
144,26,1,0,0,0,3,1,0,3,2,2377,1,0,20,4,0,2
145,28,1,1,0,0,2,1,0,2,2,2596,1,0,15,3,1,0
146,38,0,0,1,0,3,3,6,2,0,7351,7,0,16,3,1,1
147,42,0,0,0,0,1,2,0,4,0,4272,4,0,19,3,1,2
148,41,0,0,0,0,3,1,0,4,1,4766,3,1,11,3,0,2
149,28,1,0,0,1,3,1,0,4,1,2515,1,1,11,3,0,2
150,40,0,1,0,1,2,2,1,4,1,4422,3,1,13,3,1,1
151,32,0,2,1,1,3,1,3,1,2,2827,1,0,12,3,0,2
152,19,0,0,0,0,3,1,1,1,0,2552,1,0,25,4,1,0
153,41,1,2,0,0,2,1,1,1,2,2107,6,0,17,3,1,0
154,24,1,0,0,1,3,1,0,2,1,2210,1,0,13,3,0,2
155,42,0,1,0,1,3,3,2,1,1,13191,3,1,17,3,0,1
156,19,1,2,0,1,2,1,1,2,0,1859,1,1,25,4,0,1
157,49,0,0,0,0,2,5,4,3,1,18711,2,0,13,3,0,0
158,48,0,0,0,0,4,1,0,2,0,2559,5,0,11,3,0,1
159,48,0,0,0,0,2,5,2,4,0,18265,6,0,12,3,1,1
160,34,0,0,0,1,4,1,1,3,1,2585,0,0,17,3,1,2
161,19,0,0,0,1,4,1,1,4,0,2994,1,1,12,3,1,0
162,23,0,0,0,0,3,1,1,3,1,1223,1,0,22,4,0,2
163,25,1,1,1,0,1,1,3,4,0,1118,1,1,14,3,0,2
164,42,0,0,0,1,4,2,1,2,1,2372,6,1,16,3,1,2
165,27,0,0,1,1,4,1,3,4,1,2534,8,0,14,3,0,0
166,31,1,1,1,1,2,1,3,4,0,2785,7,0,14,3,1,0
167,31,1,1,1,1,1,1,3,3,0,1359,1,0,12,3,1,1
168,31,1,0,0,1,2,1,1,2,0,1261,1,0,12,3,1,0
169,39,1,2,0,1,2,1,0,1,0,3646,2,1,23,4,1,0
170,44,0,1,1,1,3,2,6,3,1,4768,7,0,12,3,0,0
171,30,0,2,0,0,3,1,1,3,2,1274,1,0,13,3,1,0
172,35,0,0,1,0,3,1,3,3,1,2404,1,0,13,3,0,0
173,24,0,2,1,1,3,1,3,2,1,2033,1,0,13,3,0,2
174,28,0,0,0,0,2,1,1,3,2,1563,1,0,14,3,0,0
175,42,0,0,0,0,2,1,0,2,1,4841,4,0,14,3,1,0
176,24,0,0,0,0,2,1,0,1,2,2296,0,0,14,3,1,2
177,29,0,0,0,0,4,1,1,3,1,2451,6,0,18,3,0,0
178,35,1,0,0,1,3,1,0,1,2,2074,1,1,12,3,0,2
179,34,0,0,0,0,3,1,1,4,0,2972,1,0,13,3,0,2
180,26,0,0,0,1,3,1,1,4,1,2061,1,0,21,4,1,0
181,36,0,0,1,1,3,2,6,3,0,6815,6,0,13,3,1,1
182,50,0,0,1,0,3,5,4,3,1,19331,4,1,16,3,0,2
183,42,0,0,0,0,2,5,4,4,0,19613,8,0,22,4,0,0
184,35,0,0,0,0,2,1,0,4,1,2690,1,0,18,3,1,0
185,28,1,0,0,0,3,1,0,2,1,2408,1,1,17,3,1,2
186,32,1,0,0,0,3,1,0,2,0,1393,1,0,12,3,0,2
187,60,0,0,0,0,1,3,8,4,2,10883,3,0,20,4,0,0
188,24,1,0,7,0,1,1,7,3,1,1555,1,0,11,3,0,2
189,40,0,0,0,1,3,2,5,1,1,6516,2,1,16,3,0,0
190,47,0,2,1,0,3,2,6,2,1,4978,7,0,11,3,0,1
191,31,1,0,1,0,3,3,6,3,1,8161,2,0,13,3,0,1
192,29,0,0,0,1,2,1,1,1,2,2109,1,0,13,3,0,2
193,38,0,0,0,0,1,2,8,4,1,5811,3,1,16,3,1,1
194,43,1,1,0,0,2,1,1,3,1,2437,9,1,16,3,0,0
195,55,0,0,0,0,2,5,2,1,1,19038,8,0,12,3,1,0
196,21,1,0,1,0,3,1,3,2,0,2679,1,0,13,3,1,1
197,22,1,0,0,1,3,1,0,1,1,2398,1,1,17,3,1,2
198,31,1,0,7,0,4,1,7,1,1,2956,0,0,17,3,1,0
199,36,0,0,0,1,3,2,1,2,1,6962,4,1,22,4,1,1
200,29,0,0,7,0,2,1,7,2,1,2804,1,0,11,3,1,1
201,29,1,1,0,0,2,1,1,4,0,2439,1,1,24,4,0,1
202,28,0,0,1,1,3,1,3,2,1,2856,1,0,19,3,0,0
203,30,1,0,1,0,3,1,3,4,0,1081,1,0,13,3,1,2
204,22,1,0,0,0,3,1,1,2,0,2472,1,1,23,4,0,2
205,26,0,0,0,1,2,1,1,3,1,2933,1,1,13,3,0,1
206,29,1,1,1,0,4,1,3,1,0,1091,1,0,17,3,1,1
207,58,0,0,1,1,3,4,4,4,1,17875,4,1,13,3,1,1
208,27,1,1,7,1,2,1,7,2,1,2863,1,0,12,3,0,1
209,38,0,0,1,0,2,1,3,1,0,2858,4,0,14,3,1,2
210,32,0,0,0,0,2,2,5,4,0,9679,8,0,24,4,1,0
211,31,0,0,0,1,1,1,0,4,2,1129,1,1,11,3,0,0
212,33,0,2,0,0,2,1,0,3,2,2008,1,0,12,3,1,0
213,40,0,0,0,0,3,1,0,4,1,2406,8,0,19,3,1,2
214,23,1,1,1,0,3,1,3,1,1,1790,1,0,19,3,0,2
215,27,0,0,0,0,3,1,0,2,1,3468,9,0,12,3,1,0
216,34,0,0,0,0,3,1,0,4,2,2661,0,0,11,3,0,2
217,46,0,0,1,1,3,5,4,1,0,18947,3,0,12,3,1,1
218,24,1,0,0,0,3,1,1,4,1,2293,2,1,16,3,1,1
219,35,0,0,1,1,3,1,3,4,1,2014,1,0,13,3,0,2
220,28,1,0,0,0,3,1,0,3,0,3441,1,1,13,3,0,0
221,26,0,0,1,1,2,2,6,4,1,4157,7,1,19,3,1,2
222,35,0,0,0,1,3,1,0,1,1,4014,3,1,15,3,1,1
223,25,0,0,0,0,2,1,1,4,1,2889,1,0,11,3,1,0
224,22,0,0,0,0,3,1,0,4,1,2523,0,0,14,3,0,2
225,50,0,1,1,1,3,3,6,4,0,9208,4,0,11,3,0,0
226,31,1,0,1,1,1,2,6,3,1,4559,3,1,11,3,0,1
227,25,0,0,1,0,2,2,6,3,1,8639,2,0,18,3,0,0
228,22,0,0,0,0,3,1,1,4,1,2323,1,0,24,4,1,1
229,27,0,2,0,0,3,1,1,2,2,2024,6,0,18,3,0,0
230,56,0,0,0,1,3,1,1,1,2,4257,4,1,18,3,0,1
231,38,0,0,0,1,3,1,0,4,0,2288,1,0,12,3,1,2
232,27,0,1,0,0,2,2,5,1,1,4298,5,0,19,3,1,0
233,52,0,0,0,1,2,1,0,4,0,3212,7,0,15,3,1,0
234,59,0,0,7,0,3,1,7,3,1,2267,8,0,17,3,0,0
235,31,0,1,0,0,3,3,2,3,2,13675,9,0,12,3,1,0
236,33,0,0,0,1,2,1,1,4,1,2911,1,0,13,3,1,1
237,38,0,0,0,0,3,2,8,4,2,5745,9,0,14,3,0,2
238,31,0,1,1,1,3,1,3,2,2,2789,1,0,11,3,1,2
239,31,0,0,7,0,2,2,7,1,1,6410,3,0,12,3,0,0
240,31,0,0,0,0,3,1,1,4,2,2695,0,1,18,3,1,1
241,30,0,2,1,1,3,2,6,3,1,4736,7,1,12,3,0,1
242,31,0,0,0,0,2,1,1,2,0,2657,0,1,16,3,1,1
243,36,0,0,0,1,3,1,1,3,1,2543,4,0,13,3,0,0
244,22,0,0,0,1,3,1,1,2,1,2244,1,0,13,3,0,0
245,25,1,0,0,0,3,1,0,1,1,4031,5,0,13,3,0,0
246,45,0,0,0,0,3,1,1,4,1,2654,3,0,21,4,1,2
247,34,1,1,1,1,1,1,3,3,2,2351,0,0,16,3,1,2
248,29,1,0,0,1,2,1,1,2,1,2546,5,0,16,3,1,2
249,42,0,1,0,0,3,1,0,3,1,2093,4,0,17,3,1,0
250,22,1,1,0,0,2,1,0,3,0,3894,5,0,16,3,0,0
251,46,0,1,0,1,3,3,8,3,1,10527,5,0,11,3,1,0
252,24,0,1,1,0,3,1,3,4,1,2400,0,0,13,3,0,2
253,44,0,0,7,1,2,2,7,3,0,5985,4,0,11,3,0,1
254,44,0,0,0,0,3,5,4,4,1,19513,4,1,12,3,0,2
255,22,0,0,0,0,3,1,1,3,1,2773,0,0,20,4,0,2
256,48,0,0,1,0,4,2,6,2,1,8120,3,0,12,3,0,1
257,24,1,0,1,1,3,2,6,3,0,4577,9,0,14,3,0,0
258,60,0,0,1,0,3,2,6,1,0,5405,8,0,14,3,1,2
259,50,0,0,1,0,3,1,3,2,1,3875,7,0,15,3,1,1
260,42,1,1,0,0,4,1,1,3,2,2759,6,1,12,3,0,2
261,43,0,1,1,0,2,2,6,4,1,6804,3,0,18,3,1,2
262,29,0,0,1,0,3,1,3,2,2,2297,1,0,14,3,1,2
263,53,0,0,0,0,3,2,0,4,0,2450,2,0,17,3,0,2
264,23,0,0,0,0,4,1,1,3,0,3505,1,0,18,3,0,0
265,26,0,1,0,1,1,1,0,4,2,4364,3,0,14,3,1,0
266,30,0,0,0,0,1,1,0,3,1,3833,3,0,21,4,0,2
267,35,0,0,0,1,4,1,1,3,0,2506,3,0,13,3,0,1
268,28,1,0,0,0,3,1,1,3,0,4382,6,0,17,3,1,0
269,22,0,0,0,0,2,2,5,4,1,4775,6,0,22,4,0,0
270,42,0,1,0,0,3,1,1,4,0,2515,5,1,14,3,1,0
271,38,0,0,1,0,2,1,3,2,1,2899,0,0,19,3,1,1
272,53,0,0,1,0,3,4,6,4,1,11836,5,0,14,3,1,2
273,20,1,0,1,1,2,1,3,3,0,2044,1,0,13,3,1,2
274,28,0,0,0,1,3,1,1,3,2,2377,5,0,18,3,1,2
275,39,1,0,0,0,3,1,0,1,1,2404,7,1,21,4,1,2
276,27,0,0,0,1,3,1,0,2,1,2811,9,0,14,3,1,1
277,38,0,1,0,0,3,1,1,3,1,2684,0,0,17,3,1,1
278,48,0,0,0,0,2,2,8,3,0,4240,2,0,13,3,1,2
279,41,0,0,0,1,3,2,5,3,0,5003,6,0,14,3,1,1
280,26,1,2,1,0,1,2,6,1,0,4969,8,0,18,3,0,0
281,33,0,2,1,1,2,1,3,4,0,2342,0,0,19,3,0,1
282,38,0,1,0,0,3,1,1,3,1,2821,3,0,16,3,1,2
283,46,0,0,0,0,3,5,2,4,2,19627,9,0,17,3,1,2
284,20,1,1,1,1,3,1,3,4,0,2323,1,1,14,3,1,1
285,33,1,0,0,0,2,1,1,2,0,2313,4,1,20,4,1,0
286,21,0,0,0,1,2,1,1,2,0,2070,1,1,11,3,1,0
287,31,0,1,1,0,4,1,3,4,1,2791,0,0,12,3,1,2
288,31,1,1,0,0,3,1,0,3,1,2610,1,0,12,3,1,2
289,35,0,1,0,0,2,1,0,4,1,2376,1,0,13,3,1,2
290,20,0,0,0,0,2,1,0,3,0,3033,1,0,12,3,1,0
291,50,0,1,0,1,3,4,4,1,1,17856,2,0,22,4,1,1
292,20,0,0,1,0,4,1,3,4,0,2678,1,0,17,3,1,0
293,32,0,1,0,1,2,1,0,2,1,2743,1,0,20,4,1,2
294,21,1,1,0,1,2,1,0,3,0,2625,1,0,20,4,0,2
295,28,0,1,0,0,2,1,0,4,1,3867,1,1,12,3,0,0
296,25,0,0,0,1,3,1,1,2,0,2096,1,0,18,3,1,2
297,58,0,0,0,0,3,1,1,3,2,2372,1,0,12,3,0,2
298,35,0,1,0,0,3,3,5,4,0,9362,2,0,11,3,1,1
299,31,1,1,0,0,3,1,0,4,1,3722,6,1,13,3,1,2
300,48,0,0,1,0,3,2,6,1,2,5486,4,0,11,3,0,2
301,34,1,0,7,1,3,1,7,3,1,2742,1,0,15,3,0,0
302,30,0,0,1,0,3,2,6,3,1,5301,8,0,15,3,0,2
303,44,0,1,0,0,3,3,5,3,0,10209,5,1,18,3,0,0
304,39,0,0,0,1,3,3,5,2,0,8376,4,0,18,3,0,2
305,40,0,2,0,0,3,2,8,4,2,4069,3,1,18,3,0,2
306,33,0,0,1,0,3,2,6,1,1,6392,2,0,13,3,0,2
307,34,0,0,0,0,3,2,1,4,1,5484,9,0,17,3,0,2
308,23,0,0,0,0,4,1,1,3,1,2073,2,0,16,3,0,2
309,21,0,0,0,0,3,1,1,4,0,3117,1,0,18,3,0,2
310,48,0,1,0,0,2,4,4,4,1,15202,2,0,25,4,1,2
311,35,1,0,1,0,1,2,6,4,2,5440,6,1,14,3,0,1
312,20,0,0,1,1,3,1,3,3,0,2783,1,0,19,3,0,1
313,49,0,0,0,1,3,1,0,1,2,2587,4,1,16,3,1,1
314,41,0,0,1,0,3,3,6,3,0,7082,3,1,16,3,1,0
315,20,0,0,1,0,3,1,3,1,0,2728,1,0,11,3,0,0
316,44,0,0,7,1,3,1,7,4,2,3195,4,1,18,3,1,2
317,36,1,0,1,0,2,2,6,1,2,6134,5,1,13,3,1,1
318,24,0,1,7,0,3,1,7,4,1,2145,0,0,14,3,0,2
319,29,1,0,1,1,1,1,3,2,0,2760,1,0,13,3,1,1
320,34,0,0,1,1,1,2,6,4,0,6029,5,0,12,3,1,2
321,51,0,0,0,1,3,3,4,3,1,13116,2,0,11,3,0,2
322,46,0,0,0,0,3,5,2,4,2,19328,7,1,17,3,1,0
323,46,0,2,1,0,2,2,6,2,0,7991,8,0,15,3,0,0
324,39,0,1,1,0,3,2,6,4,2,4127,2,0,18,3,1,0
325,58,0,1,0,0,3,4,2,3,1,15787,2,1,14,3,1,2
326,29,1,0,7,0,2,1,7,1,2,2335,4,1,15,3,1,2
327,47,0,0,0,1,3,1,0,3,0,2105,4,0,12,3,1,0
328,32,1,0,1,0,2,2,6,2,0,9907,7,1,12,3,0,1
329,39,0,0,0,0,3,2,1,4,2,3902,8,0,14,3,0,1
330,44,0,0,0,0,4,2,8,1,1,5033,2,0,15,3,1,2
331,31,0,0,0,1,4,1,0,3,2,3978,8,0,12,3,0,2
332,28,1,0,1,1,3,2,6,3,0,9854,3,1,11,3,0,1
333,53,1,0,1,0,3,3,6,1,0,10448,6,1,13,3,0,0
334,25,0,0,7,1,3,1,7,2,1,2187,4,0,14,3,0,1
335,25,0,0,0,0,3,1,0,3,2,3977,6,1,19,3,1,0
336,31,0,0,1,0,3,1,3,3,1,3067,0,0,19,3,1,2
337,35,0,0,0,0,3,1,0,3,1,2660,7,1,11,3,0,1
338,32,0,0,1,0,2,1,3,2,1,2269,0,0,14,3,1,1
339,21,0,0,1,0,3,1,3,1,0,2380,1,1,11,3,0,1
340,29,1,0,0,0,3,1,1,4,1,4787,9,1,14,3,0,1
341,40,0,0,0,0,2,1,1,3,0,2809,2,0,14,3,0,1
342,38,0,0,0,0,3,1,1,4,0,3944,5,1,11,3,0,1
343,50,1,0,1,0,2,1,3,3,1,2683,1,1,14,3,1,0
344,35,0,1,0,0,3,1,1,1,1,2194,4,0,13,3,1,2
345,24,0,0,1,1,3,2,6,3,1,4999,0,0,21,4,0,2
346,44,0,2,0,0,3,2,0,2,1,2042,4,0,12,3,1,2
347,37,1,0,7,0,3,1,7,1,2,2073,4,1,22,4,1,2
348,59,0,2,7,1,2,5,4,4,1,18844,9,0,21,4,0,1
349,43,0,1,0,1,4,1,1,3,0,4739,4,0,12,3,0,2
350,36,0,0,0,0,3,2,5,2,2,4941,6,0,20,4,0,2
351,38,0,0,0,1,3,2,1,3,0,4317,3,1,20,4,1,2
352,30,0,0,0,1,3,1,1,1,2,3204,5,0,14,3,0,2
353,33,0,0,0,0,3,1,1,4,0,2500,0,0,14,3,0,0
354,34,0,0,0,1,3,1,1,2,0,2311,2,0,15,3,0,2
355,50,0,0,0,0,2,1,0,3,1,3690,2,0,15,3,1,1
356,40,0,2,0,0,2,2,8,4,1,4876,9,0,14,3,0,2
357,33,0,0,0,1,2,1,1,2,1,2622,6,0,21,4,1,0
358,32,1,0,0,0,2,1,0,3,0,3730,0,1,14,3,0,2
359,39,0,0,0,1,3,1,0,3,2,2232,7,0,14,3,0,0
360,32,0,2,1,0,3,2,6,4,1,4465,0,0,18,3,0,1
361,37,0,0,0,1,2,1,1,1,1,3920,2,0,14,3,1,1
362,45,0,1,0,0,4,2,5,3,1,6434,4,0,17,3,0,2
363,42,0,0,0,1,4,2,1,1,0,6545,3,1,13,3,0,0
364,29,0,0,1,0,3,2,6,4,2,6931,2,0,14,3,0,0
365,21,0,0,0,0,2,1,1,3,0,3230,1,0,17,3,1,1
366,26,1,0,0,0,3,1,0,2,2,2373,2,1,13,3,0,0
367,49,0,1,0,1,3,5,2,1,0,18665,9,1,11,3,1,2
368,28,1,0,0,0,1,1,1,4,1,3464,5,1,13,3,0,2
369,47,0,0,0,0,3,5,2,3,1,18300,4,0,11,3,1,2
370,29,0,0,0,0,2,1,0,4,0,3983,0,0,17,3,1,1
371,42,0,0,7,0,3,1,7,3,2,2696,0,1,11,3,0,0
372,21,1,1,1,1,2,1,3,2,0,2174,1,1,11,3,1,1
373,57,0,0,0,0,3,2,8,3,1,6755,2,0,11,3,1,0
374,21,0,2,1,0,3,1,3,4,0,2610,1,0,24,4,0,0
375,29,0,0,0,0,3,1,1,4,0,2201,9,0,16,3,1,2
376,34,0,2,1,1,3,2,6,3,1,6538,9,0,15,3,0,0
377,43,0,1,0,0,3,1,0,4,1,2258,7,0,20,4,1,0
378,26,0,0,0,1,3,1,1,4,2,2886,1,0,22,4,0,0
379,46,0,0,0,0,3,4,2,3,1,17861,6,0,13,3,1,0
380,46,0,0,1,1,2,3,6,4,1,9071,2,1,19,3,1,0
381,30,0,0,1,0,3,1,3,2,0,2983,0,0,14,3,0,0
382,34,1,1,7,1,3,3,7,1,2,9950,9,1,15,3,1,2
383,29,0,0,0,0,3,2,5,4,2,4262,4,0,12,3,0,0
384,31,1,0,1,0,3,2,6,1,2,4233,2,0,17,3,1,0
385,35,0,0,0,0,2,2,0,4,0,3681,4,0,14,3,0,1
386,37,0,0,1,0,3,2,6,3,1,9602,4,1,11,3,0,2
387,48,0,0,0,1,2,4,4,1,1,15402,7,0,11,3,1,1
388,21,0,0,1,0,3,1,3,3,0,3447,1,0,11,3,1,0
389,26,0,0,0,1,3,1,0,4,1,2659,1,1,13,3,0,2
390,36,0,0,0,0,2,2,5,2,2,8847,2,1,11,3,0,2
391,23,0,0,0,0,4,1,1,1,1,2819,2,0,16,3,0,1
392,25,0,0,1,0,4,2,6,2,1,4851,0,0,22,4,1,2
393,35,0,0,1,1,3,1,3,4,1,2572,1,0,16,3,1,1
394,34,0,0,1,1,3,2,6,1,1,6500,5,0,17,3,0,1
395,33,1,0,1,1,3,2,6,1,0,5324,5,0,15,3,0,0
396,34,0,0,7,0,3,1,7,4,1,3737,0,0,19,3,1,2
397,44,0,0,0,0,4,1,0,4,1,2818,2,1,24,4,1,2
398,32,0,2,0,0,3,1,0,4,2,2314,0,0,12,3,0,2
399,29,1,0,1,1,2,1,3,3,2,2800,6,1,19,3,0,2
400,47,0,0,1,1,2,1,3,4,0,3294,1,1,18,3,1,1
401,22,1,0,0,1,3,2,5,3,1,4171,0,1,19,3,0,0
402,33,0,0,0,0,2,1,1,1,0,2799,3,1,11,3,0,1
403,32,0,2,0,1,2,1,0,2,1,2332,6,0,20,4,1,1
404,29,0,1,1,1,3,1,3,4,1,2157,1,0,15,3,1,1
405,31,1,2,0,0,2,1,1,1,0,2321,0,1,22,4,0,2
406,33,0,0,0,1,3,1,1,4,0,3452,3,0,18,3,0,2
407,30,1,1,0,1,3,1,0,2,0,2422,0,0,17,3,0,1
408,27,0,0,0,1,3,2,5,4,1,4227,0,0,18,3,0,2
409,35,0,0,0,0,3,1,0,4,2,3917,1,0,20,4,1,1
410,26,1,1,0,0,3,1,1,1,1,2042,6,1,14,3,0,0
411,27,0,2,0,0,1,1,0,3,1,4621,1,0,19,3,1,2
412,55,0,1,0,0,3,3,5,2,1,10976,3,0,18,3,0,0
413,33,0,0,0,0,2,3,8,4,2,7119,4,0,15,3,1,2
414,33,0,1,1,1,3,2,6,2,1,4302,0,0,17,3,0,1
415,34,0,1,0,0,3,2,5,3,0,4033,2,0,11,3,0,0
416,28,0,1,0,0,2,1,1,3,2,2703,1,1,14,3,1,1
417,45,0,0,0,1,3,1,1,3,1,4477,4,1,19,3,0,2
418,29,0,0,0,1,3,1,1,4,2,3760,1,0,15,3,1,0
419,34,0,0,1,1,3,2,6,1,0,4538,0,1,12,3,0,2
420,35,0,0,0,0,3,1,1,3,1,3506,0,1,14,3,1,2
421,28,0,0,0,0,3,1,1,1,0,2080,2,0,11,3,0,1
422,50,0,0,0,1,3,4,2,1,1,16880,4,1,11,3,0,1
423,31,1,1,1,1,3,1,3,2,0,2302,1,1,11,3,0,1
424,44,1,0,0,0,3,1,0,1,1,2362,4,0,12,3,0,2
425,25,0,0,0,0,3,1,0,4,1,3669,3,0,11,3,0,2
426,32,0,0,1,0,3,2,6,2,1,4078,0,1,13,3,1,0
427,25,0,0,1,0,4,2,6,3,1,6232,2,0,11,3,1,2
428,37,0,0,0,1,3,1,0,3,0,3629,4,0,18,3,0,2
429,25,0,0,0,0,3,1,0,4,1,3229,4,0,11,3,1,2
430,30,0,0,1,1,3,2,6,1,2,4779,7,0,14,3,0,1
431,31,0,0,0,1,3,4,2,2,0,16422,3,0,11,3,0,1
432,36,0,0,1,1,2,2,6,1,1,5647,4,0,13,3,1,2
433,25,1,0,1,0,2,1,3,1,1,4400,3,0,12,3,1,1
434,56,0,0,0,1,3,1,1,1,1,2066,2,0,22,4,1,1
435,31,0,0,7,1,4,1,7,2,0,2109,9,0,18,3,1,1
436,45,0,0,0,0,3,3,5,4,1,9380,4,1,18,3,1,2
437,49,0,0,0,0,3,2,8,3,1,6651,2,0,14,3,1,2
438,40,0,0,0,0,3,1,1,3,2,2345,2,0,14,3,1,2
439,28,1,1,1,0,3,1,3,3,1,2909,3,0,15,3,0,1
440,55,0,0,0,0,3,2,8,3,1,4035,0,1,16,3,1,0
441,49,0,0,0,1,2,2,0,1,1,4789,4,0,25,4,0,1
442,29,0,1,0,1,3,1,0,2,1,3180,0,0,13,3,0,0
443,36,0,0,1,0,3,1,3,4,0,2644,3,1,21,4,0,2
444,35,0,0,0,0,2,1,0,1,0,2450,1,0,19,3,1,1
445,38,0,0,1,1,3,2,6,2,0,4198,2,0,12,3,1,2
446,36,0,1,0,0,4,2,0,1,1,5562,3,1,13,3,1,1
447,32,0,0,0,1,4,1,1,4,1,3312,3,0,17,3,0,1
448,36,0,0,0,1,3,2,5,3,1,4663,9,1,12,3,1,1
449,27,0,0,0,1,4,1,1,3,1,3517,7,0,17,3,1,2
450,36,0,0,0,1,3,3,8,1,1,8008,4,0,12,3,0,0
451,36,0,2,0,1,2,2,5,3,1,4374,0,0,15,3,1,1
452,47,0,0,1,1,4,4,4,2,2,15972,6,0,14,3,1,2
453,36,0,0,0,0,3,2,8,3,1,5347,6,0,14,3,1,0
454,23,1,0,1,0,3,1,3,4,2,2275,1,1,21,4,1,2
455,26,0,0,0,0,1,1,0,3,1,2305,1,0,15,3,1,0
456,41,0,2,7,0,1,2,7,2,1,6430,6,0,19,3,1,1
457,23,0,0,0,1,3,1,0,2,0,3295,1,0,13,3,1,1
458,29,0,1,0,0,4,2,8,3,0,6294,8,1,12,3,0,0
459,53,0,2,0,1,2,4,5,3,1,12965,4,1,20,4,0,0
460,43,0,2,0,0,3,1,1,3,0,2438,4,0,13,3,0,1
461,41,0,0,0,0,4,2,8,2,0,6870,3,0,12,3,1,1
462,31,0,1,1,1,3,3,6,1,1,9637,2,0,14,3,0,2
463,28,0,0,0,1,3,1,1,1,1,3591,1,0,25,4,0,1
464,28,0,2,7,0,3,1,7,4,2,2706,1,0,15,3,0,1
465,29,0,0,0,0,3,1,0,1,0,2062,3,0,14,3,1,2
466,35,0,0,0,1,2,2,5,2,1,4788,0,1,11,3,0,0
467,39,0,2,1,1,1,2,6,3,1,5736,6,0,19,3,0,0
468,22,0,0,0,0,3,1,1,3,0,3375,0,0,12,3,1,0
469,50,1,0,1,0,2,3,6,1,2,10854,4,1,13,3,0,0
470,28,1,0,0,0,2,1,0,3,0,2028,5,1,14,3,1,2
471,24,0,2,0,1,4,2,5,3,2,4011,0,0,18,3,1,2
472,34,1,0,0,0,3,1,1,1,0,2960,2,0,11,3,1,2
473,44,0,0,0,0,3,2,8,4,1,6465,2,1,13,3,0,1
474,44,0,0,1,1,3,2,6,1,2,5454,5,1,21,4,0,2
475,35,0,2,0,0,2,3,8,1,1,9884,2,1,13,3,0,1
476,59,0,1,1,1,2,2,6,3,0,5473,7,0,11,3,1,1
477,46,0,0,7,0,3,2,7,2,2,5021,8,1,22,4,1,2
478,51,0,0,0,0,3,1,0,4,1,2075,3,0,23,4,0,0
479,54,0,0,0,1,3,3,2,3,1,13549,9,0,12,3,1,2
480,51,1,1,0,0,1,3,5,4,0,10650,2,0,15,3,1,0
481,34,0,1,1,1,3,1,3,3,1,2231,6,0,18,3,0,2
482,31,0,0,0,1,3,1,1,4,1,3929,8,1,23,4,0,2
483,41,1,0,1,1,3,1,3,2,0,3140,1,1,22,4,1,2
484,53,0,0,0,1,4,2,5,1,2,4450,1,0,11,3,0,0
485,22,0,0,0,0,4,1,1,2,2,2328,1,1,16,3,1,2
486,46,0,0,0,0,3,3,8,1,2,9396,7,0,16,3,0,0
487,29,1,0,0,0,2,1,1,4,0,2389,1,1,13,3,0,0
488,32,0,0,1,1,3,1,3,2,1,3931,2,0,11,3,1,2
489,25,0,0,0,1,3,2,5,3,1,4898,0,0,12,3,0,1
490,37,0,1,0,0,3,1,1,4,1,2326,1,1,12,3,1,2
491,51,0,0,0,0,1,2,5,2,2,5482,5,0,18,3,0,0
492,27,0,0,0,1,3,1,1,2,0,2478,1,1,12,3,1,0
493,54,0,1,0,1,3,2,1,3,0,4869,3,0,12,3,1,0
494,40,0,0,1,0,1,2,6,4,1,7457,2,1,22,4,1,0
495,23,0,0,0,0,3,1,1,4,2,2904,1,0,12,3,0,2
496,29,0,2,1,0,3,2,6,3,1,4649,1,0,14,3,1,2
497,50,0,0,0,0,2,3,8,4,0,10496,6,0,15,3,1,0
498,54,0,0,0,0,3,5,2,1,1,19406,4,0,11,3,1,1
499,31,0,0,0,0,2,1,0,1,1,2218,1,0,12,3,0,2
500,33,1,0,0,0,1,1,0,4,2,3408,7,0,13,3,1,1
501,32,1,2,1,0,4,2,6,3,1,4707,8,0,12,3,1,2
502,27,1,0,1,0,3,1,3,1,2,3041,0,0,11,3,0,1
503,27,0,0,0,0,2,1,1,4,0,2045,0,0,13,3,1,2
504,50,1,1,1,0,3,2,6,3,1,6796,3,1,14,3,0,2
505,23,0,0,0,0,3,1,0,1,1,2500,1,0,14,3,0,1
506,40,0,0,0,1,2,1,1,4,0,2342,0,1,20,4,1,1
507,52,0,2,0,0,3,1,1,4,1,4258,0,0,18,3,1,2
508,26,1,0,1,0,2,2,6,1,0,5326,6,0,17,3,1,1
509,34,0,0,0,1,4,1,1,4,0,3280,2,0,16,3,1,0
510,27,0,1,1,0,3,2,6,4,1,4342,0,0,19,3,0,1
511,50,0,0,0,0,3,4,2,3,1,17639,5,0,16,3,0,1
512,42,0,0,0,1,2,2,5,4,1,6062,9,1,13,3,1,2
513,38,0,1,0,0,2,2,8,1,2,6288,2,0,15,3,0,0
514,43,0,0,0,0,3,4,2,1,1,17159,6,0,24,4,1,0
515,25,0,0,0,0,4,1,1,1,0,3424,7,0,13,3,1,2
516,49,0,0,0,1,3,1,1,1,1,3580,2,0,16,3,0,0
517,33,0,0,7,0,3,1,7,2,2,2277,3,1,11,3,1,1
518,29,0,0,0,1,2,1,0,4,2,2532,6,0,14,3,0,0
519,28,0,0,1,0,3,2,6,4,0,4908,1,0,14,3,0,1
520,24,0,0,0,1,2,2,5,3,2,4377,1,0,15,3,0,1
521,35,1,0,0,0,2,1,0,2,2,3743,1,1,24,4,0,0
522,31,0,1,0,1,3,2,5,1,1,4148,1,0,12,3,0,2
523,22,0,0,0,0,1,1,0,1,1,2451,1,0,15,3,1,1
524,37,0,0,0,1,3,2,8,2,0,4107,3,0,15,3,1,2
525,28,0,0,0,0,3,1,0,3,2,2207,1,0,16,3,0,1
526,27,0,0,0,0,2,1,1,3,1,2539,1,0,13,3,0,2
527,24,0,0,0,0,3,1,0,2,0,3597,8,0,22,4,0,1
528,43,1,0,1,1,1,2,6,3,0,5346,8,0,13,3,0,1
529,30,0,0,1,0,3,2,6,1,2,4115,8,0,19,3,1,0
530,46,0,0,0,0,3,5,2,2,1,19081,5,0,11,3,1,1
531,42,0,2,7,0,4,2,7,1,1,6272,7,0,16,3,0,1
532,25,0,0,1,0,3,2,6,4,0,4950,0,0,14,3,0,1
533,28,0,1,0,0,3,1,0,3,0,2154,0,1,11,3,1,0
534,40,0,2,0,0,3,1,1,3,2,3544,9,0,16,3,1,1
535,40,0,0,0,0,3,1,0,2,1,2387,3,0,22,4,0,1
536,35,1,1,1,1,3,2,6,3,1,4614,0,1,18,3,0,2
537,38,0,1,0,0,4,1,1,3,2,2610,1,0,11,3,1,2
538,51,0,1,1,0,3,3,6,2,1,10596,2,0,11,3,0,1
539,26,0,0,0,0,2,1,1,4,0,3904,0,0,12,3,1,1
540,49,1,1,0,0,2,2,0,1,0,4284,3,0,20,4,0,2
541,34,0,1,0,0,3,1,1,1,2,2996,5,0,14,3,1,0
542,32,0,0,1,0,3,2,6,4,1,9204,4,0,12,3,0,0
543,41,0,0,0,0,4,1,1,3,1,2127,2,1,12,3,0,0
544,33,0,1,1,0,3,2,6,1,1,4373,0,0,14,3,1,1
545,28,0,1,1,0,3,2,6,1,0,4898,0,0,14,3,1,0
546,23,0,0,0,0,3,2,0,3,0,2272,0,0,14,3,1,1
547,30,0,0,1,0,3,3,6,2,1,9250,3,0,12,3,1,2
548,22,0,2,0,1,2,1,1,3,1,2814,1,1,14,3,1,1
549,37,0,0,0,0,3,2,5,3,1,5768,3,0,17,3,0,2
550,40,0,0,0,1,3,3,5,4,0,7945,6,1,15,3,1,0
551,27,0,1,0,0,3,1,1,4,0,2580,2,0,13,3,0,1
552,40,1,0,0,0,3,1,0,1,0,2166,3,1,14,3,1,2
553,49,0,0,0,1,3,4,2,2,1,16413,3,0,16,3,0,0
554,36,0,0,0,0,3,1,0,2,0,2013,2,0,11,3,1,0
555,38,0,1,0,1,2,1,0,2,0,2440,1,0,22,4,1,0
556,53,0,0,0,0,4,3,8,4,1,7005,3,0,15,3,0,2
557,55,0,0,0,0,2,1,1,2,2,3537,5,0,12,3,1,0
558,32,0,0,1,0,1,3,6,3,1,9610,3,0,13,3,1,0
559,30,1,1,7,1,2,1,7,4,2,2180,6,0,11,3,1,0
560,39,0,0,0,0,3,3,2,3,0,13464,7,0,21,4,1,1
561,40,0,0,0,1,3,1,0,1,1,3377,4,0,17,3,0,2
562,38,0,0,1,1,1,2,3,4,1,5405,2,1,20,4,0,2
563,56,1,0,0,0,3,1,0,4,0,2587,1,0,16,3,1,1
564,36,0,0,1,0,2,2,6,2,1,5507,2,0,16,3,1,0
565,34,0,0,1,1,2,2,6,4,1,8103,3,1,12,3,0,1
566,45,0,1,0,0,3,2,8,3,0,5399,4,0,12,3,1,1
567,32,1,1,0,1,4,1,1,3,0,2432,3,1,14,3,0,1
568,31,0,2,0,0,3,1,1,1,2,3065,1,1,13,3,0,2
569,28,1,0,0,0,2,1,0,4,2,2367,5,0,12,3,1,1
570,54,0,0,0,1,3,2,1,3,1,2897,3,0,11,3,1,0
571,24,0,0,0,0,2,2,8,3,0,4617,1,0,12,3,1,1
572,42,0,0,0,0,3,2,1,1,2,5410,6,1,17,3,1,2
573,44,0,0,0,0,3,1,1,4,0,2436,6,1,12,3,1,2
574,36,0,1,0,1,3,2,5,2,2,5131,7,0,13,3,0,1
575,32,0,0,0,0,3,1,1,1,0,2439,1,0,14,3,0,1
576,35,0,0,0,1,1,1,1,4,1,2977,1,0,12,3,1,1
577,29,0,0,0,0,2,2,0,2,1,4025,4,1,13,3,0,2
578,26,0,0,1,1,2,1,3,3,0,2966,0,0,18,3,1,2
579,34,0,0,0,0,4,2,0,3,1,4404,2,0,12,3,0,1
580,35,0,0,0,0,4,1,0,2,1,2426,0,0,13,3,0,0
581,31,0,0,0,0,3,1,1,3,2,2911,1,0,17,3,1,0
582,36,1,0,1,0,2,1,3,1,0,3407,7,0,23,4,1,0
583,43,0,0,0,1,4,1,1,3,2,2645,1,0,12,3,0,2
584,33,0,1,1,1,4,2,6,1,1,5376,2,0,19,3,1,2
585,55,0,0,0,1,3,4,4,3,2,14756,2,1,14,3,1,2
586,29,0,0,0,0,3,1,1,2,1,2703,0,0,23,4,0,1
587,37,0,0,0,0,3,3,2,3,0,13664,4,0,13,3,1,0
588,34,0,0,0,0,3,2,5,2,1,4325,1,0,15,3,0,1
589,28,0,2,1,0,3,2,6,3,1,4221,1,0,15,3,0,1
590,54,0,2,7,1,4,4,4,4,0,17328,2,1,12,3,0,1
591,24,0,0,0,0,3,1,0,3,1,2774,0,0,12,3,0,0
592,37,0,0,1,0,3,3,6,4,0,7428,2,0,12,3,1,1
593,56,1,0,0,1,3,1,1,2,1,4963,9,1,18,3,1,0
594,26,0,0,0,1,2,1,1,2,1,2368,1,0,19,3,1,0
595,32,1,0,0,1,3,1,0,1,0,4200,7,0,22,4,1,0
596,30,0,0,0,1,3,1,1,3,0,2632,1,0,14,3,0,2
597,30,0,0,0,0,2,1,0,4,0,2720,0,0,13,3,1,0
598,41,0,0,0,0,3,1,0,1,1,2238,2,0,21,4,1,1
599,28,0,0,0,0,3,1,1,4,1,2713,1,0,11,3,1,2
600,57,0,0,0,0,4,3,8,4,2,9439,3,1,16,3,1,2
601,50,0,0,0,1,3,5,4,2,0,19926,3,0,15,3,0,1
602,32,0,0,0,0,3,1,1,3,0,3038,3,0,20,4,0,1
603,27,0,0,0,0,3,1,1,2,1,3058,0,1,16,3,1,0
604,45,0,0,1,1,3,2,6,1,2,5006,4,1,11,3,1,0
605,43,0,2,0,0,4,1,1,4,2,2089,4,0,14,3,1,2
606,42,0,2,0,1,3,2,5,3,2,5265,2,0,16,3,1,0
607,34,0,1,0,0,3,1,1,3,2,3815,1,1,17,3,0,0
608,30,1,0,0,1,3,1,1,1,0,2657,5,1,11,3,0,0
609,31,0,2,0,0,1,2,5,3,1,4345,0,0,12,3,1,1
610,33,1,0,0,0,3,1,0,4,1,2436,5,1,13,3,1,0
611,31,1,1,0,0,2,1,0,2,0,3479,0,0,11,3,1,0
612,32,0,1,0,0,4,1,0,2,1,2794,1,0,20,4,1,1
613,28,0,0,0,0,3,1,1,4,1,2070,1,0,23,4,1,2
614,37,0,0,1,0,3,2,6,4,1,6502,4,0,14,3,1,0
615,37,0,2,0,1,3,3,2,4,2,13603,2,1,18,3,0,1
616,53,0,0,0,0,3,4,2,3,1,17584,3,1,16,3,0,1
617,26,0,1,0,0,3,2,8,1,1,4741,1,1,13,3,1,1
618,28,0,0,0,1,3,1,1,4,0,3310,1,0,21,4,1,2
619,58,0,2,0,0,1,2,8,3,2,5660,2,1,13,3,0,1
620,31,0,0,0,0,3,1,1,4,1,4821,0,1,12,3,1,1
621,27,0,0,1,0,3,2,6,3,0,4478,1,1,11,3,1,1
622,27,0,2,1,0,3,2,6,2,1,6349,0,1,13,3,0,2
623,41,0,0,0,0,2,2,5,2,0,6032,6,1,15,3,1,1
624,37,0,0,0,1,3,1,0,1,1,3452,6,0,20,4,0,0
625,27,0,0,0,0,3,1,0,2,2,3816,1,0,11,3,1,0
626,49,0,0,0,0,2,3,8,3,0,10965,8,0,24,4,0,1
627,34,1,2,1,0,4,2,6,4,0,5304,8,1,13,3,1,0
628,55,0,0,0,1,3,4,4,4,0,16659,2,1,13,3,0,2
629,24,0,0,1,1,3,2,6,3,2,4260,1,1,12,3,1,2
630,40,0,0,1,1,3,2,6,2,2,5715,7,0,12,3,1,2
631,42,0,0,0,1,3,1,0,1,2,2576,3,0,16,3,1,0
632,43,0,0,0,1,3,2,8,3,2,4522,4,1,14,3,0,0
633,25,0,0,1,1,2,2,6,4,0,4487,1,1,11,3,1,1
634,30,0,0,1,1,3,2,6,3,0,6577,0,0,11,3,1,0
635,52,0,0,0,0,2,3,5,3,1,7969,2,1,14,3,1,2
636,52,0,0,0,1,3,4,4,4,1,16555,2,0,13,3,1,1
637,42,0,1,0,1,3,2,1,3,2,4556,2,0,11,3,1,1
638,30,0,0,0,1,1,2,5,4,0,6091,2,0,20,4,1,2
639,24,1,0,1,1,3,1,3,2,0,3202,1,1,16,3,1,2
640,30,0,2,0,0,3,1,0,4,1,2097,4,0,15,3,0,1
641,47,0,0,0,1,3,2,5,4,2,5070,5,0,13,3,1,2
642,35,0,0,0,0,1,1,0,3,0,4230,0,0,15,3,1,1
643,31,0,0,1,0,2,3,4,4,2,11557,9,0,21,4,1,0
644,35,0,0,1,1,3,2,6,3,0,4859,1,0,16,3,1,1
645,26,0,0,1,0,3,2,6,2,1,6272,1,0,20,4,1,0
646,27,0,0,0,1,2,1,1,3,2,2187,0,0,12,3,0,2
647,33,0,0,1,0,3,2,6,3,2,7104,0,0,12,3,0,2
648,53,0,0,0,0,4,4,2,3,1,14814,3,0,19,3,1,2
649,44,0,2,0,0,1,1,0,3,0,3708,2,0,14,3,1,2
650,34,0,0,0,1,3,2,8,3,0,6142,3,0,11,3,0,0
651,47,1,1,1,1,4,2,6,3,0,6397,4,1,12,3,1,1
652,55,1,0,0,0,3,5,4,1,1,19859,5,1,13,3,0,2
653,54,0,0,0,1,3,2,5,1,2,5485,9,1,11,3,0,1
654,37,0,0,0,1,3,1,1,1,2,2782,0,1,13,3,1,1
655,52,0,0,0,1,3,2,0,3,1,3149,8,0,20,4,0,2
656,36,0,0,7,0,3,1,7,2,1,2143,4,0,13,3,0,0
657,34,0,1,0,1,2,1,1,4,0,2553,1,0,16,3,1,1
658,44,0,0,0,0,3,2,8,2,0,5933,9,0,12,3,0,2
659,32,0,0,1,0,3,2,6,4,2,4403,2,0,11,3,0,1
660,30,0,1,0,0,2,1,1,4,2,3761,9,0,12,3,1,0
661,53,0,0,1,1,2,3,6,4,1,10934,7,1,18,3,1,2
662,45,0,0,1,0,3,3,6,1,2,10761,4,1,12,3,1,0
663,32,0,0,0,1,4,2,1,3,1,5175,5,0,12,3,1,2
664,28,0,0,7,0,2,1,7,4,2,4936,1,0,13,3,1,2
665,36,0,0,7,0,2,1,7,1,1,2342,0,0,21,4,0,1
666,25,0,0,1,0,3,2,6,1,1,4194,1,1,18,3,1,1
667,25,0,0,1,0,2,2,6,1,1,4256,1,0,12,3,1,1
668,24,0,2,0,0,2,1,0,4,1,3162,0,0,17,3,0,1
669,42,0,0,0,1,4,2,0,4,1,5231,2,1,13,3,0,2
670,37,0,1,1,1,3,1,3,4,1,2973,5,0,15,3,1,0
671,43,0,1,0,1,3,2,8,4,1,5562,4,0,13,3,1,0
672,39,0,0,7,1,2,2,7,4,1,5204,8,0,11,3,0,0
673,42,0,0,1,1,2,2,6,3,0,6244,7,0,17,3,0,2
674,33,0,0,0,1,2,2,8,4,0,6949,0,0,14,3,0,1
675,35,0,0,1,1,3,2,6,3,1,4601,1,0,16,3,1,2
676,38,0,2,1,1,3,2,6,4,0,5666,1,1,13,3,0,2
677,45,0,0,0,1,3,1,0,4,2,2270,3,0,14,3,0,1
678,50,0,0,0,0,3,4,2,4,2,17399,9,0,22,4,1,1
679,30,1,0,0,1,3,1,1,3,1,2132,4,1,11,3,0,0
680,59,0,0,0,1,2,4,5,4,0,13726,3,1,13,3,1,1
681,26,0,1,0,1,2,1,1,3,2,2007,1,0,13,3,0,0
682,56,0,1,0,1,3,1,1,3,1,2942,2,0,19,3,1,0
683,26,0,0,0,0,2,1,0,1,1,3955,1,0,16,3,0,2
684,48,0,2,0,0,4,4,4,4,0,16885,2,0,22,4,1,1
685,39,0,2,0,0,3,2,0,2,0,6782,9,0,15,3,0,2
686,28,0,0,0,0,2,1,1,2,1,3201,0,0,17,3,0,0
687,35,0,1,1,0,3,2,6,4,2,4968,1,0,11,3,0,2
688,33,1,0,1,1,3,2,6,1,0,8224,0,1,17,3,1,2
689,35,0,0,7,0,3,1,7,3,0,4323,1,0,17,3,0,2
690,56,0,0,0,1,3,5,4,1,2,19943,4,0,13,3,0,2
691,29,0,0,0,1,1,1,1,4,1,2168,0,1,18,3,1,0
692,33,0,0,7,0,3,1,7,3,1,3600,1,0,13,3,1,0
693,40,0,0,1,1,2,2,6,2,2,6852,7,0,12,3,0,1
694,54,0,1,0,1,3,3,5,3,2,10502,7,0,17,3,1,0
695,27,0,0,0,0,3,1,1,3,2,2517,1,0,11,3,0,2
696,39,1,0,0,0,3,1,1,1,0,3904,0,0,13,3,0,0
697,40,1,0,1,0,2,3,6,2,0,9094,2,1,12,3,1,1
698,51,0,0,0,1,2,4,5,2,0,13142,3,0,16,3,1,2
699,34,0,2,0,1,2,1,1,3,2,2029,1,0,20,4,0,1
700,28,0,0,1,0,2,2,6,1,1,4724,1,0,11,3,0,1
701,39,0,0,1,0,2,2,6,4,1,6120,3,1,12,3,1,2
702,33,0,1,1,0,3,2,6,4,1,9998,6,0,13,3,0,1
703,52,0,1,0,1,4,4,5,3,1,13247,2,1,11,3,0,2
704,52,0,0,0,1,3,1,0,1,1,2950,9,0,13,3,0,2
705,36,0,0,1,1,3,2,6,2,0,9278,3,1,16,3,1,2
706,27,0,0,0,0,3,1,0,1,1,2099,0,0,14,3,0,0
707,24,0,0,1,1,3,2,6,3,1,4162,1,1,12,3,0,1
708,34,0,0,0,1,2,1,0,2,1,3294,5,0,17,3,0,1
709,28,0,0,1,0,3,2,6,1,0,8463,0,0,18,3,1,2
710,44,0,2,0,0,2,1,0,3,0,3162,3,0,14,3,1,1
711,44,0,0,0,0,3,1,1,2,0,3420,1,0,13,3,0,2
712,29,1,1,1,1,3,2,6,2,0,5765,5,0,11,3,1,0
713,30,0,0,7,0,3,1,7,3,2,2064,0,0,21,4,0,1
714,33,0,0,0,1,2,1,0,2,1,3838,8,0,11,3,1,1
715,47,0,0,1,1,3,2,6,3,1,4591,3,1,17,3,1,1
716,32,0,0,0,0,3,3,4,4,0,11244,2,0,25,4,0,2
717,40,1,0,0,0,3,1,0,1,0,2018,3,0,14,3,1,0
718,33,0,0,0,0,2,2,5,2,0,4320,1,0,13,3,1,2
719,45,0,0,0,0,3,1,1,4,1,2132,4,0,20,4,0,1
720,35,0,0,1,1,2,1,3,3,1,2430,0,0,23,4,0,0
721,38,1,0,0,0,3,2,5,2,1,4855,4,0,11,3,0,2
722,35,0,0,0,1,3,2,8,3,0,6142,3,1,16,3,0,1
723,40,0,0,1,1,3,2,6,1,1,4639,1,0,15,3,0,2
724,31,0,1,1,0,3,2,6,1,0,5332,7,0,13,3,0,2
725,28,0,0,0,1,1,2,5,1,2,4877,0,0,21,4,0,0
726,47,0,0,7,1,3,5,4,3,1,19658,3,0,11,3,1,1
727,38,0,0,0,1,2,3,5,3,1,7756,3,1,19,3,0,1
728,29,0,0,1,0,2,2,6,3,0,5869,9,0,11,3,1,2
729,39,0,0,0,0,3,2,5,2,1,5295,4,0,21,4,0,0
730,36,0,0,0,0,4,2,8,1,2,6842,6,0,20,4,1,2
731,23,1,0,0,0,2,1,0,3,0,3989,1,1,11,3,0,1
732,35,0,1,0,0,2,1,1,4,0,4930,0,1,14,3,0,2
733,24,0,0,0,0,4,1,1,3,1,4401,1,0,16,3,0,1
734,29,0,0,0,1,3,1,0,3,1,2974,9,0,17,3,0,2
735,32,0,1,0,0,3,1,1,3,1,3433,6,0,13,3,1,0
736,31,0,0,0,0,3,1,0,3,1,3477,1,0,14,3,0,2
737,31,0,1,0,1,3,2,5,4,0,5238,2,0,20,4,1,0
738,45,0,0,7,1,1,3,7,3,1,9756,4,0,21,4,1,2
739,31,0,0,1,0,3,2,6,3,1,8346,1,0,19,3,0,1
740,34,0,0,0,0,4,1,1,4,1,2932,0,1,14,3,0,2
741,49,0,0,1,1,3,2,6,4,0,4507,3,0,12,3,1,2
742,42,0,0,0,0,3,1,0,2,2,2766,8,0,22,4,0,2
743,41,0,0,0,0,3,1,0,1,2,2289,1,0,20,4,0,2
744,38,0,0,0,1,2,1,0,3,1,3702,1,0,11,3,1,1
745,37,0,0,1,0,2,2,6,2,1,4189,1,0,14,3,1,1
746,44,1,1,0,0,3,1,1,2,2,2342,1,1,12,3,0,0
747,28,0,0,0,0,3,1,1,4,1,2044,1,0,11,3,1,0
748,26,1,0,7,1,3,1,7,2,1,2148,0,1,11,3,1,2
749,40,0,0,0,1,3,2,8,4,2,6513,4,0,17,3,1,0
750,35,0,0,0,0,1,1,0,3,1,2705,0,0,16,3,0,2
751,26,0,0,1,0,3,2,6,4,0,4684,1,0,13,3,1,2
752,27,0,1,0,1,3,1,0,4,0,2379,0,1,14,3,1,0
753,55,0,0,0,0,2,1,1,4,1,2662,8,0,20,4,0,2
754,34,0,0,1,0,3,3,6,4,1,9713,2,1,13,3,1,1
755,37,0,0,0,0,3,2,1,1,1,4284,5,1,22,4,1,1
756,34,1,2,0,0,1,1,1,1,1,2307,1,1,23,4,1,2
757,41,0,0,1,1,3,2,6,2,1,4393,5,0,21,4,1,1
758,31,0,0,1,1,3,2,6,4,2,6583,2,1,11,3,0,2
759,27,0,0,0,0,3,1,1,2,1,2226,1,0,11,3,1,2
760,38,0,0,0,0,3,1,1,4,2,4771,2,0,19,3,0,2
761,49,0,1,0,0,3,5,2,4,1,19161,3,0,15,3,0,2
762,35,0,0,1,0,3,2,6,1,1,5561,0,0,16,3,0,1
763,28,0,2,0,0,3,1,1,3,0,2144,1,0,14,3,1,0
764,36,0,2,0,0,4,1,0,2,1,2810,1,0,22,4,0,2
765,29,0,0,0,0,3,2,8,1,1,5373,0,0,12,3,1,0
766,32,0,2,0,1,3,2,8,4,2,6667,5,0,18,3,0,0
767,54,0,0,0,1,3,2,5,1,0,4440,6,1,19,3,1,2
768,23,0,0,0,0,3,1,0,4,0,2647,1,0,13,3,0,1
769,41,0,0,0,0,3,1,1,4,1,2782,3,0,22,4,1,2
770,25,0,0,1,1,3,2,6,3,2,4907,0,1,22,4,1,1
771,41,0,0,1,0,2,2,6,2,2,8938,2,0,11,3,1,1
772,45,0,0,1,1,3,2,6,3,0,4850,8,0,15,3,0,0
773,40,0,0,0,1,3,1,1,3,1,2001,2,0,14,3,0,2
774,29,0,0,0,1,2,1,1,1,0,3785,1,0,14,3,1,1
775,36,0,1,0,0,4,2,0,4,1,2571,4,0,17,3,1,0
776,41,1,0,1,1,3,2,6,4,0,5993,8,1,11,3,1,0
777,32,0,0,0,0,4,1,1,2,2,3298,0,1,12,3,1,1
778,36,0,1,0,0,2,2,5,2,0,6499,1,0,13,3,0,0
779,35,0,0,0,0,2,1,1,3,0,2859,1,0,18,3,1,0
780,56,0,0,0,0,1,3,5,4,0,7260,4,0,11,3,1,1
781,25,1,0,1,0,2,2,6,3,0,5744,1,1,11,3,0,1
782,45,0,0,0,0,3,1,1,4,0,3452,5,0,13,3,0,0
783,35,0,1,0,1,3,2,0,2,0,4425,5,0,11,3,0,2
784,30,1,1,1,1,2,2,6,1,0,6696,5,0,15,3,0,2
785,29,1,0,0,0,3,1,1,3,0,2058,0,0,14,3,1,0
786,54,0,0,1,1,3,2,6,1,1,5940,2,0,14,3,1,1
787,29,0,0,0,0,3,1,1,4,0,2340,1,0,19,3,0,0
788,32,0,0,0,0,2,2,0,1,0,2176,4,0,13,3,0,1
789,25,0,2,0,0,4,2,8,1,2,4000,1,0,12,3,1,2
790,26,0,1,0,1,3,2,5,2,2,6397,1,0,20,4,0,2
791,37,0,0,0,0,3,2,5,4,2,6347,7,0,16,3,0,2
792,40,1,0,1,0,2,2,6,3,1,6380,2,1,12,3,1,0
793,26,1,1,0,0,3,1,1,1,0,3102,0,0,22,4,1,0
